,Datetime,Oil_Pressure,Coolant_Temp,PF_Avg,ECU_Temp,Label,Train_code
0,2020-01-10 22:00:00,620.0,78.0,0.79,44.0,Maintenance,P-01812
1,2020-03-10 18:00:00,604.0,78.0,0.81,46.0,Maintenance,P-01812
2,2020-03-10 19:00:00,604.0,78.0,0.8,44.0,Maintenance,P-01812
3,2020-04-16 10:00:00,620.0,77.0,0.79,38.0,Maintenance,P-01812
4,2020-03-18 20:00:00,600.0,77.0,0.88,38.0,Maintenance,P-01812
5,2020-03-19 16:11:00,620.0,78.0,0.88,37.0,Maintenance,P-01812
6,2020-03-19 23:00:00,620.0,77.0,0.85,37.0,Maintenance,P-01812
7,2020-09-19 18:00:00,604.0,78.0,0.81,47.0,Maintenance,P-01812
8,2020-08-21 16:00:00,604.0,78.0,0.88,47.0,Maintenance,P-01812
9,2020-09-21 19:00:00,604.0,78.0,0.81,44.0,Maintenance,P-01812
10,2020-09-22 21:00:00,604.0,78.0,0.79,37.0,Maintenance,P-01812
11,2020-03-26 04:00:00,620.0,78.0,0.85,38.0,Maintenance,P-01812
12,2020-10-26 09:33:00,604.0,78.0,0.8,38.0,Maintenance,P-01812
13,2020-03-27 23:00:00,620.0,78.0,0.84,38.0,Maintenance,P-01812
14,2020-03-28 01:00:00,620.0,77.0,0.84,38.0,Maintenance,P-01812
15,2020-03-28 03:00:00,620.0,78.0,0.85,38.0,Maintenance,P-01812
16,2020-11-28 02:00:00,620.0,77.0,0.84,37.0,Maintenance,P-01812
17,2020-03-29 02:00:00,620.0,77.0,0.84,38.0,Maintenance,P-01812
18,2020-09-29 19:00:00,604.0,78.0,0.81,44.0,Maintenance,P-01812
19,2020-01-06 11:00:00,620.0,78.0,0.83,44.0,Maintenance,P-01818
20,2020-02-04 15:00:00,620.0,78.0,0.88,47.0,Maintenance,P-01818
21,2020-03-04 19:00:00,620.0,77.0,0.88,38.0,Maintenance,P-01818
22,2020-05-06 07:00:00,620.0,78.0,0.82,38.0,Maintenance,P-01818
23,2020-05-06 12:00:00,620.0,78.0,0.82,44.0,Maintenance,P-01818
24,2020-05-06 13:00:00,620.0,78.0,0.82,45.0,Maintenance,P-01818
25,2020-05-06 14:00:00,620.0,78.0,0.82,46.0,Maintenance,P-01818
26,2020-05-06 15:00:00,620.0,77.0,0.82,45.0,Maintenance,P-01818
27,2020-05-06 16:00:00,620.0,77.0,0.83,44.0,Maintenance,P-01818
28,2020-05-06 18:44:00,620.0,78.0,0.82,46.0,Maintenance,P-01818
29,2020-06-06 14:00:00,620.0,78.0,0.82,47.0,Maintenance,P-01818
30,2020-07-06 14:00:00,620.0,77.0,0.83,46.0,Maintenance,P-01818
31,2020-07-06 15:00:00,620.0,77.0,0.83,45.0,Maintenance,P-01818
32,2020-05-22 12:00:00,620.0,78.0,0.83,47.0,Maintenance,P-01818
33,2020-05-24 09:00:00,620.0,78.0,0.83,44.0,Maintenance,P-01818
34,2020-05-24 11:00:00,620.0,78.0,0.82,45.0,Maintenance,P-01818
35,2020-05-27 14:00:00,620.0,78.0,0.84,47.0,Maintenance,P-01818
36,2020-05-27 15:00:00,620.0,78.0,0.85,46.0,Maintenance,P-01818
37,2020-05-29 14:00:00,620.0,78.0,0.83,47.0,Maintenance,P-01818
38,2020-05-30 14:00:00,620.0,78.0,0.83,46.0,Maintenance,P-01818
39,2020-03-31 21:00:00,620.0,78.0,0.88,38.0,Maintenance,P-01818
40,2020-01-05 16:00:00,620.0,78.0,0.88,46.0,Maintenance,P-01820
41,2020-03-16 16:00:00,600.0,78.0,0.85,38.0,Maintenance,P-01820
42,2020-09-10 15:00:00,620.0,78.0,0.88,46.0,Maintenance,P-01822
43,2021-10-02 09:00:00,620.0,77.0,0.88,44.0,Maintenance,P-01822
44,2020-07-19 09:00:00,600.0,78.0,0.8,37.0,Maintenance,P-01822
45,2020-04-20 23:00:00,620.0,78.0,0.88,37.0,Maintenance,P-01822
46,2020-10-22 08:00:00,620.0,78.0,0.88,45.0,Maintenance,P-01822
47,2021-01-22 14:00:00,620.0,78.0,0.88,44.0,Maintenance,P-01822
48,2021-01-23 15:00:00,620.0,78.0,0.88,47.0,Maintenance,P-01822
49,2021-02-23 07:00:00,620.0,78.0,0.88,38.0,Maintenance,P-01822
50,2020-10-28 15:00:00,620.0,78.0,0.88,46.0,Maintenance,P-01822
51,2020-07-31 18:00:00,620.0,78.0,0.8,46.0,Maintenance,P-01822
52,2021-01-31 14:00:00,620.0,78.0,0.88,47.0,Maintenance,P-01822
53,2020-08-24 13:05:00,620.0,78.0,0.83,44.0,Maintenance,P-01903
54,2020-08-30 16:00:00,620.0,77.0,0.82,45.0,Maintenance,P-01903
55,2021-08-03 21:08:00,604.0,78.0,0.81,37.0,Maintenance,P-01908
56,2020-04-12 20:00:00,616.0,81.0,0.87,42.0,Normal,P-01808
57,2020-07-09 01:00:00,616.0,81.0,0.87,39.0,Normal,P-01808
58,2021-08-02 01:00:00,616.0,81.0,0.86,41.0,Normal,P-01808
59,2020-09-10 00:00:00,616.0,81.0,0.87,39.0,Normal,P-01808
60,2021-10-02 23:00:00,616.0,81.0,0.87,39.0,Normal,P-01808
61,2021-10-03 23:00:00,616.0,81.0,0.87,39.0,Normal,P-01808
62,2021-11-02 01:00:00,616.0,81.0,0.86,39.0,Normal,P-01808
63,2021-11-02 23:00:00,616.0,81.0,0.87,39.0,Normal,P-01808
64,2020-12-09 01:00:00,616.0,81.0,0.86,41.0,Normal,P-01808
65,2021-02-13 02:00:00,616.0,81.0,0.87,39.0,Normal,P-01808
66,2021-02-13 03:00:00,616.0,81.0,0.87,39.0,Normal,P-01808
67,2021-02-14 02:00:00,616.0,81.0,0.87,40.0,Normal,P-01808
68,2021-03-14 23:00:00,616.0,81.0,0.87,39.0,Normal,P-01808
69,2020-10-16 01:00:00,616.0,81.0,0.87,39.0,Normal,P-01808
70,2020-11-18 23:00:00,616.0,81.0,0.87,43.0,Normal,P-01808
71,2020-11-19 18:00:00,616.0,81.0,0.87,39.0,Normal,P-01808
72,2020-11-21 22:00:00,616.0,81.0,0.87,39.0,Normal,P-01808
73,2020-10-25 22:00:00,616.0,81.0,0.87,41.0,Normal,P-01808
74,2020-11-29 11:00:00,616.0,81.0,0.86,41.0,Normal,P-01808
75,2020-11-29 14:00:00,616.0,81.0,0.87,41.0,Normal,P-01808
76,2020-11-30 18:00:00,616.0,81.0,0.86,40.0,Normal,P-01808
77,2020-11-30 20:00:00,616.0,81.0,0.87,41.0,Normal,P-01808
78,2020-11-30 21:00:00,616.0,81.0,0.86,41.0,Normal,P-01808
79,2020-10-31 17:00:00,616.0,81.0,0.87,39.0,Normal,P-01808
80,2020-01-11 20:00:00,612.0,79.0,0.86,43.0,Normal,P-01812
81,2020-01-12 01:00:00,608.0,79.0,0.87,42.0,Normal,P-01812
82,2021-02-01 20:00:00,608.0,79.0,0.87,40.0,Normal,P-01812
83,2020-06-11 08:00:00,612.0,79.0,0.87,42.0,Normal,P-01812
84,2020-07-11 07:00:00,608.0,79.0,0.87,41.0,Normal,P-01812
85,2020-07-11 08:00:00,608.0,79.0,0.86,43.0,Normal,P-01812
86,2020-08-11 19:00:00,608.0,79.0,0.86,42.0,Normal,P-01812
87,2020-10-17 18:00:00,612.0,80.0,0.87,41.0,Normal,P-01812
88,2020-10-18 08:00:00,612.0,79.0,0.87,41.0,Normal,P-01812
89,2020-10-18 18:00:00,608.0,80.0,0.86,43.0,Normal,P-01812
90,2020-03-19 19:00:00,608.0,79.0,0.87,39.0,Normal,P-01812
91,2020-10-19 07:00:00,612.0,79.0,0.87,41.0,Normal,P-01812
92,2020-03-21 19:00:00,608.0,79.0,0.86,43.0,Normal,P-01812
93,2020-03-21 20:00:00,616.0,79.0,0.86,41.0,Normal,P-01812
94,2020-03-21 23:00:00,616.0,79.0,0.87,40.0,Normal,P-01812
95,2020-11-21 07:00:00,608.0,79.0,0.87,42.0,Normal,P-01812
96,2020-03-22 10:00:00,608.0,79.0,0.86,40.0,Normal,P-01812
97,2020-03-25 06:00:00,608.0,79.0,0.87,42.0,Normal,P-01812
98,2020-03-27 20:00:00,608.0,79.0,0.86,40.0,Normal,P-01812
99,2020-03-27 21:00:00,608.0,79.0,0.86,40.0,Normal,P-01812
100,2020-01-04 05:00:00,616.0,80.0,0.86,39.0,Normal,P-01818
101,2020-01-04 06:00:00,616.0,80.0,0.86,41.0,Normal,P-01818
102,2020-01-04 07:00:00,612.0,79.0,0.86,42.0,Normal,P-01818
103,2020-01-04 15:00:00,616.0,79.0,0.86,42.0,Normal,P-01818
104,2020-01-04 17:39:00,608.0,80.0,0.86,43.0,Normal,P-01818
105,2020-01-04 18:00:00,616.0,79.0,0.87,42.0,Normal,P-01818
106,2020-02-04 07:00:00,608.0,80.0,0.87,42.0,Normal,P-01818
107,2020-03-04 07:00:00,612.0,80.0,0.87,43.0,Normal,P-01818
108,2020-03-04 17:00:00,616.0,79.0,0.86,40.0,Normal,P-01818
109,2020-04-04 06:00:00,608.0,80.0,0.86,43.0,Normal,P-01818
110,2020-04-04 20:00:00,616.0,79.0,0.87,40.0,Normal,P-01818
111,2021-08-01 04:00:00,616.0,81.0,0.87,41.0,Normal,P-01818
112,2020-09-12 00:00:00,616.0,81.0,0.86,41.0,Normal,P-01818
113,2021-10-01 22:00:00,616.0,81.0,0.86,42.0,Normal,P-01818
114,2021-10-01 23:00:00,616.0,81.0,0.86,42.0,Normal,P-01818
115,2021-11-01 00:00:00,616.0,81.0,0.86,42.0,Normal,P-01818
116,2020-03-14 21:00:00,616.0,79.0,0.87,42.0,Normal,P-01818
117,2020-03-15 06:00:00,612.0,80.0,0.86,40.0,Normal,P-01818
118,2020-03-15 19:00:00,612.0,80.0,0.86,41.0,Normal,P-01818
119,2020-03-15 20:00:00,616.0,80.0,0.86,42.0,Normal,P-01818
120,2020-03-15 21:00:00,612.0,81.0,0.87,41.0,Normal,P-01818
121,2020-03-16 19:00:00,616.0,80.0,0.87,42.0,Normal,P-01818
122,2020-03-16 20:00:00,616.0,79.0,0.86,42.0,Normal,P-01818
123,2020-03-16 21:00:00,612.0,80.0,0.86,42.0,Normal,P-01818
124,2020-03-18 07:00:00,616.0,79.0,0.87,42.0,Normal,P-01818
125,2020-03-19 19:00:00,616.0,80.0,0.86,39.0,Normal,P-01818
126,2020-03-21 06:00:00,616.0,79.0,0.86,39.0,Normal,P-01818
127,2020-03-22 17:16:00,612.0,80.0,0.87,43.0,Normal,P-01818
128,2020-03-23 06:00:00,612.0,80.0,0.86,40.0,Normal,P-01818
129,2020-12-24 22:00:00,616.0,81.0,0.86,39.0,Normal,P-01818
130,2020-03-30 06:00:00,616.0,79.0,0.86,40.0,Normal,P-01818
131,2020-03-31 07:00:00,612.0,80.0,0.86,43.0,Normal,P-01818
132,2020-12-31 03:19:00,616.0,81.0,0.86,42.0,Normal,P-01818
133,2020-01-09 01:00:00,612.0,80.0,0.87,42.0,Normal,P-01821
134,2020-01-09 02:00:00,616.0,79.0,0.87,41.0,Normal,P-01821
135,2020-02-09 21:00:00,616.0,80.0,0.87,43.0,Normal,P-01821
136,2020-02-09 22:00:00,616.0,80.0,0.86,43.0,Normal,P-01821
137,2020-02-09 23:00:00,612.0,80.0,0.86,42.0,Normal,P-01821
138,2020-03-09 02:00:00,608.0,81.0,0.86,43.0,Normal,P-01821
139,2020-03-09 04:00:00,612.0,79.0,0.87,42.0,Normal,P-01821
140,2020-09-07 16:13:00,608.0,81.0,0.87,42.0,Normal,P-01821
141,2020-09-15 20:00:00,608.0,79.0,0.87,39.0,Normal,P-01821
142,2020-09-15 21:00:00,608.0,79.0,0.86,39.0,Normal,P-01821
143,2020-03-16 18:00:00,612.0,81.0,0.87,42.0,Normal,P-01821
144,2020-03-17 02:00:00,612.0,80.0,0.86,40.0,Normal,P-01821
145,2020-03-17 17:00:00,608.0,81.0,0.86,41.0,Normal,P-01821
146,2020-06-17 18:00:00,616.0,80.0,0.86,43.0,Normal,P-01821
147,2020-03-19 03:00:00,608.0,81.0,0.87,39.0,Normal,P-01821
148,2020-01-04 16:00:00,616.0,81.0,0.87,43.0,Normal,P-01822
149,2020-01-11 08:00:00,616.0,79.0,0.87,42.0,Normal,P-01822
150,2021-01-01 18:00:00,616.0,81.0,0.86,43.0,Normal,P-01822
151,2020-04-11 15:00:00,612.0,81.0,0.87,41.0,Normal,P-01822
152,2021-04-01 02:00:00,612.0,81.0,0.86,39.0,Normal,P-01822
153,2021-05-01 16:00:00,612.0,80.0,0.87,42.0,Normal,P-01822
154,2021-05-02 11:00:00,608.0,81.0,0.87,43.0,Normal,P-01822
155,2021-05-02 14:00:00,612.0,79.0,0.87,43.0,Normal,P-01822
156,2021-05-02 15:00:00,612.0,80.0,0.87,43.0,Normal,P-01822
157,2020-06-09 10:00:00,616.0,81.0,0.87,41.0,Normal,P-01822
158,2020-07-11 08:00:00,616.0,81.0,0.87,42.0,Normal,P-01822
159,2020-08-04 08:00:00,612.0,81.0,0.87,40.0,Normal,P-01822
160,2020-08-04 19:42:00,616.0,81.0,0.87,41.0,Normal,P-01822
161,2020-08-09 15:00:00,616.0,80.0,0.87,40.0,Normal,P-01822
162,2020-09-09 10:00:00,616.0,80.0,0.87,42.0,Normal,P-01822
163,2020-09-10 14:00:00,616.0,79.0,0.87,42.0,Normal,P-01822
164,2020-10-04 07:00:00,616.0,81.0,0.87,40.0,Normal,P-01822
165,2020-10-11 08:00:00,612.0,81.0,0.87,42.0,Normal,P-01822
166,2020-10-11 09:00:00,616.0,81.0,0.86,43.0,Normal,P-01822
167,2020-10-11 10:00:00,616.0,81.0,0.87,42.0,Normal,P-01822
168,2020-12-10 11:00:00,616.0,81.0,0.87,41.0,Normal,P-01822
169,2020-05-13 08:00:00,616.0,79.0,0.87,39.0,Normal,P-01822
170,2020-12-16 17:00:00,616.0,80.0,0.87,39.0,Normal,P-01822
171,2020-03-17 21:00:00,608.0,79.0,0.87,39.0,Normal,P-01822
172,2020-12-18 14:13:00,608.0,81.0,0.86,43.0,Normal,P-01822
173,2020-03-19 16:00:00,616.0,81.0,0.87,42.0,Normal,P-01822
174,2020-09-19 09:00:00,616.0,81.0,0.87,42.0,Normal,P-01822
175,2020-09-19 10:00:00,612.0,81.0,0.87,42.0,Normal,P-01822
176,2020-09-21 11:00:00,616.0,81.0,0.87,43.0,Normal,P-01822
177,2020-04-23 07:00:00,608.0,80.0,0.87,39.0,Normal,P-01822
178,2020-04-23 08:00:00,608.0,81.0,0.87,42.0,Normal,P-01822
179,2020-10-23 11:00:00,612.0,81.0,0.87,43.0,Normal,P-01822
180,2020-10-24 07:00:00,616.0,79.0,0.87,43.0,Normal,P-01822
181,2020-08-26 07:00:00,616.0,81.0,0.87,40.0,Normal,P-01822
182,2020-12-26 08:00:00,616.0,81.0,0.86,41.0,Normal,P-01822
183,2020-03-29 22:00:00,616.0,80.0,0.87,39.0,Normal,P-01822
184,2020-10-29 09:00:00,612.0,80.0,0.87,40.0,Normal,P-01822
185,2020-10-29 15:00:00,612.0,81.0,0.87,43.0,Normal,P-01822
186,2020-10-31 10:00:00,608.0,81.0,0.87,41.0,Normal,P-01822
187,2020-10-31 15:00:00,612.0,81.0,0.87,43.0,Normal,P-01822
188,2021-07-02 16:00:00,612.0,80.0,0.86,39.0,Normal,P-01823
189,2021-07-02 17:00:00,616.0,79.0,0.86,39.0,Normal,P-01823
190,2020-08-04 10:00:00,616.0,81.0,0.86,43.0,Normal,P-01823
191,2020-03-18 15:00:00,608.0,80.0,0.87,43.0,Normal,P-01823
192,2020-08-19 09:00:00,616.0,80.0,0.86,39.0,Normal,P-01823
193,2020-08-19 10:00:00,612.0,81.0,0.86,41.0,Normal,P-01823
194,2020-08-22 08:00:00,612.0,81.0,0.86,41.0,Normal,P-01823
195,2020-08-23 08:00:00,612.0,80.0,0.86,39.0,Normal,P-01823
196,2020-08-24 08:00:00,612.0,80.0,0.86,40.0,Normal,P-01823
197,2020-08-24 10:00:00,608.0,81.0,0.86,43.0,Normal,P-01823
198,2020-08-24 15:00:00,608.0,80.0,0.86,43.0,Normal,P-01823
199,2020-08-19 07:00:00,608.0,79.0,0.87,39.0,Normal,P-01825
200,2020-08-30 09:00:00,608.0,79.0,0.87,42.0,Normal,P-01825
201,2020-01-11 13:00:00,612.0,81.0,0.86,42.0,Normal,P-01908
202,2020-01-11 14:00:00,616.0,80.0,0.87,39.0,Normal,P-01908
203,2021-01-01 07:00:00,616.0,80.0,0.86,41.0,Normal,P-01908
204,2021-01-02 00:00:00,616.0,80.0,0.86,40.0,Normal,P-01908
205,2021-01-02 02:00:00,616.0,79.0,0.87,40.0,Normal,P-01908
206,2021-01-02 04:00:00,616.0,80.0,0.87,40.0,Normal,P-01908
207,2020-02-10 05:00:00,616.0,81.0,0.87,40.0,Normal,P-01908
208,2020-02-10 23:00:00,612.0,81.0,0.86,43.0,Normal,P-01908
209,2020-02-11 07:00:00,616.0,80.0,0.86,42.0,Normal,P-01908
210,2020-03-09 07:00:00,616.0,81.0,0.86,43.0,Normal,P-01908
211,2020-03-10 00:00:00,616.0,81.0,0.86,42.0,Normal,P-01908
212,2020-03-10 01:00:00,612.0,81.0,0.86,41.0,Normal,P-01908
213,2020-03-10 02:00:00,616.0,80.0,0.86,41.0,Normal,P-01908
214,2020-03-10 04:00:00,616.0,80.0,0.87,40.0,Normal,P-01908
215,2020-03-10 07:00:00,616.0,81.0,0.86,42.0,Normal,P-01908
216,2020-03-10 17:00:00,612.0,81.0,0.87,40.0,Normal,P-01908
217,2020-03-10 22:00:00,616.0,81.0,0.86,39.0,Normal,P-01908
218,2020-03-11 00:00:00,616.0,80.0,0.86,41.0,Normal,P-01908
219,2020-03-11 02:00:00,616.0,79.0,0.86,40.0,Normal,P-01908
220,2020-03-11 04:00:00,616.0,80.0,0.86,41.0,Normal,P-01908
221,2020-03-11 05:00:00,616.0,80.0,0.87,40.0,Normal,P-01908
222,2021-03-02 12:00:00,612.0,81.0,0.86,40.0,Normal,P-01908
223,2021-03-02 14:00:00,608.0,81.0,0.87,40.0,Normal,P-01908
224,2021-03-02 15:00:00,612.0,81.0,0.87,40.0,Normal,P-01908
225,2021-03-02 16:00:00,616.0,81.0,0.87,39.0,Normal,P-01908
226,2020-04-09 07:00:00,616.0,81.0,0.87,43.0,Normal,P-01908
227,2020-05-11 17:00:00,616.0,81.0,0.86,39.0,Normal,P-01908
228,2021-05-01 12:00:00,616.0,81.0,0.87,39.0,Normal,P-01908
229,2020-06-09 07:00:00,616.0,81.0,0.86,43.0,Normal,P-01908
230,2020-06-10 21:00:00,616.0,80.0,0.87,43.0,Normal,P-01908
231,2020-06-10 22:00:00,616.0,81.0,0.87,41.0,Normal,P-01908
232,2020-06-11 22:00:00,616.0,81.0,0.86,43.0,Normal,P-01908
233,2021-06-01 08:00:00,616.0,81.0,0.86,43.0,Normal,P-01908
234,2020-07-09 07:00:00,616.0,81.0,0.87,43.0,Normal,P-01908
235,2020-07-09 21:00:00,616.0,81.0,0.87,39.0,Normal,P-01908
236,2020-07-10 01:00:00,616.0,80.0,0.87,40.0,Normal,P-01908
237,2020-07-10 02:00:00,612.0,81.0,0.86,41.0,Normal,P-01908
238,2020-07-10 06:00:00,612.0,81.0,0.87,41.0,Normal,P-01908
239,2020-07-10 23:00:00,612.0,81.0,0.86,39.0,Normal,P-01908
240,2020-07-11 17:00:00,612.0,81.0,0.86,43.0,Normal,P-01908
241,2021-07-01 10:00:00,616.0,81.0,0.86,41.0,Normal,P-01908
242,2021-07-01 11:00:00,612.0,81.0,0.87,42.0,Normal,P-01908
243,2021-07-01 12:00:00,612.0,81.0,0.87,41.0,Normal,P-01908
244,2021-07-01 15:00:00,612.0,81.0,0.87,41.0,Normal,P-01908
245,2021-07-01 17:00:00,616.0,81.0,0.87,40.0,Normal,P-01908
246,2020-08-08 19:00:00,616.0,81.0,0.86,41.0,Normal,P-01908
247,2020-08-08 20:00:00,616.0,81.0,0.86,43.0,Normal,P-01908
248,2020-08-10 23:00:00,612.0,81.0,0.86,42.0,Normal,P-01908
249,2021-08-01 08:00:00,616.0,80.0,0.87,42.0,Normal,P-01908
250,2021-08-01 10:00:00,612.0,81.0,0.86,43.0,Normal,P-01908
251,2021-08-01 11:00:00,612.0,81.0,0.86,42.0,Normal,P-01908
252,2020-09-09 07:00:00,616.0,81.0,0.87,43.0,Normal,P-01908
253,2020-09-10 00:00:00,616.0,81.0,0.86,42.0,Normal,P-01908
254,2020-09-10 01:00:00,612.0,81.0,0.86,42.0,Normal,P-01908
255,2020-09-10 02:00:00,616.0,80.0,0.86,42.0,Normal,P-01908
256,2020-09-10 03:00:00,616.0,80.0,0.86,41.0,Normal,P-01908
257,2020-09-10 04:00:00,616.0,80.0,0.87,41.0,Normal,P-01908
258,2020-09-10 05:00:00,616.0,80.0,0.87,40.0,Normal,P-01908
259,2020-09-10 06:00:00,616.0,80.0,0.87,42.0,Normal,P-01908
260,2021-09-01 07:00:00,616.0,80.0,0.86,42.0,Normal,P-01908
261,2021-09-01 12:00:00,612.0,81.0,0.87,40.0,Normal,P-01908
262,2020-10-09 07:00:00,616.0,81.0,0.86,42.0,Normal,P-01908
263,2020-10-09 22:00:00,616.0,80.0,0.87,41.0,Normal,P-01908
264,2021-10-01 07:00:00,616.0,80.0,0.87,42.0,Normal,P-01908
265,2021-10-02 06:00:00,612.0,80.0,0.87,39.0,Normal,P-01908
266,2021-10-02 07:00:00,612.0,80.0,0.87,40.0,Normal,P-01908
267,2021-10-02 15:00:00,612.0,80.0,0.86,40.0,Normal,P-01908
268,2020-11-09 03:00:00,616.0,80.0,0.87,40.0,Normal,P-01908
269,2020-11-09 17:00:00,612.0,81.0,0.87,42.0,Normal,P-01908
270,2020-11-09 18:00:00,616.0,81.0,0.87,40.0,Normal,P-01908
271,2020-11-11 19:00:00,616.0,80.0,0.86,40.0,Normal,P-01908
272,2020-11-11 20:00:00,616.0,81.0,0.87,39.0,Normal,P-01908
273,2020-12-09 06:00:00,616.0,81.0,0.87,40.0,Normal,P-01908
274,2020-12-09 07:00:00,616.0,81.0,0.87,43.0,Normal,P-01908
275,2020-12-09 22:00:00,616.0,80.0,0.86,42.0,Normal,P-01908
276,2021-12-01 07:00:00,616.0,80.0,0.86,42.0,Normal,P-01908
277,2020-09-13 00:00:00,616.0,81.0,0.86,41.0,Normal,P-01908
278,2020-09-13 01:00:00,616.0,80.0,0.87,41.0,Normal,P-01908
279,2020-09-13 21:00:00,612.0,81.0,0.86,39.0,Normal,P-01908
280,2021-01-13 07:00:00,616.0,80.0,0.87,42.0,Normal,P-01908
281,2020-09-14 22:00:00,616.0,81.0,0.87,41.0,Normal,P-01908
282,2021-01-14 11:00:00,608.0,81.0,0.86,43.0,Normal,P-01908
283,2021-01-14 14:00:00,612.0,81.0,0.86,43.0,Normal,P-01908
284,2020-08-15 19:00:00,616.0,81.0,0.87,39.0,Normal,P-01908
285,2020-08-15 20:00:00,616.0,81.0,0.87,39.0,Normal,P-01908
286,2020-09-15 02:00:00,616.0,80.0,0.86,40.0,Normal,P-01908
287,2020-09-15 17:00:00,612.0,81.0,0.87,43.0,Normal,P-01908
288,2020-09-15 20:00:00,612.0,81.0,0.87,39.0,Normal,P-01908
289,2021-01-15 06:00:00,616.0,80.0,0.87,40.0,Normal,P-01908
290,2020-09-16 06:00:00,616.0,80.0,0.87,42.0,Normal,P-01908
291,2020-09-16 22:00:00,616.0,80.0,0.87,41.0,Normal,P-01908
292,2020-10-16 06:00:00,616.0,81.0,0.86,42.0,Normal,P-01908
293,2020-09-17 06:00:00,616.0,81.0,0.86,43.0,Normal,P-01908
294,2020-09-17 20:00:00,616.0,80.0,0.86,39.0,Normal,P-01908
295,2021-02-18 07:00:00,616.0,81.0,0.87,42.0,Normal,P-01908
296,2020-08-19 23:00:00,616.0,81.0,0.87,42.0,Normal,P-01908
297,2020-10-19 07:00:00,616.0,80.0,0.86,42.0,Normal,P-01908
298,2020-10-19 14:00:00,612.0,81.0,0.86,40.0,Normal,P-01908
299,2020-10-19 15:00:00,612.0,81.0,0.86,40.0,Normal,P-01908
300,2021-02-20 10:00:00,612.0,80.0,0.87,43.0,Normal,P-01908
301,2020-10-21 06:00:00,616.0,81.0,0.86,42.0,Normal,P-01908
302,2020-10-21 10:00:00,616.0,81.0,0.86,40.0,Normal,P-01908
303,2020-10-21 11:00:00,616.0,81.0,0.86,39.0,Normal,P-01908
304,2020-08-22 19:00:00,616.0,81.0,0.87,40.0,Normal,P-01908
305,2020-10-22 06:00:00,616.0,81.0,0.87,42.0,Normal,P-01908
306,2021-01-22 10:00:00,616.0,81.0,0.87,42.0,Normal,P-01908
307,2020-08-23 23:00:00,616.0,81.0,0.87,43.0,Normal,P-01908
308,2020-10-23 07:00:00,616.0,81.0,0.87,43.0,Normal,P-01908
309,2021-01-23 20:00:00,616.0,81.0,0.87,39.0,Normal,P-01908
310,2020-08-24 01:00:00,616.0,81.0,0.86,42.0,Normal,P-01908
311,2020-08-24 02:00:00,616.0,81.0,0.87,41.0,Normal,P-01908
312,2020-08-24 03:00:00,616.0,80.0,0.87,40.0,Normal,P-01908
313,2020-09-24 19:00:00,616.0,81.0,0.87,40.0,Normal,P-01908
314,2020-12-24 05:00:00,616.0,81.0,0.86,40.0,Normal,P-01908
315,2020-12-24 06:00:00,616.0,80.0,0.86,42.0,Normal,P-01908
316,2020-12-24 19:24:00,612.0,81.0,0.86,41.0,Normal,P-01908
317,2020-12-25 07:00:00,616.0,80.0,0.87,41.0,Normal,P-01908
318,2020-12-25 18:00:00,612.0,81.0,0.87,40.0,Normal,P-01908
319,2020-12-25 19:00:00,612.0,81.0,0.87,40.0,Normal,P-01908
320,2021-01-25 23:00:00,616.0,80.0,0.86,41.0,Normal,P-01908
321,2021-02-25 08:00:00,612.0,81.0,0.87,42.0,Normal,P-01908
322,2021-02-25 15:00:00,612.0,81.0,0.87,39.0,Normal,P-01908
323,2020-09-26 07:00:00,616.0,81.0,0.86,43.0,Normal,P-01908
324,2020-10-26 06:00:00,616.0,81.0,0.87,42.0,Normal,P-01908
325,2020-12-26 06:00:00,616.0,79.0,0.87,41.0,Normal,P-01908
326,2020-12-26 07:00:00,612.0,81.0,0.86,43.0,Normal,P-01908
327,2020-12-26 14:00:00,612.0,81.0,0.86,39.0,Normal,P-01908
328,2021-01-26 18:17:00,612.0,81.0,0.86,39.0,Normal,P-01908
329,2020-08-27 23:00:00,616.0,81.0,0.87,41.0,Normal,P-01908
330,2020-09-27 06:00:00,616.0,81.0,0.87,42.0,Normal,P-01908
331,2020-12-27 01:00:00,616.0,79.0,0.87,39.0,Normal,P-01908
332,2020-12-27 04:00:00,616.0,80.0,0.86,39.0,Normal,P-01908
333,2020-08-28 16:00:00,612.0,81.0,0.87,40.0,Normal,P-01908
334,2020-08-28 21:00:00,612.0,81.0,0.87,41.0,Normal,P-01908
335,2020-08-28 22:00:00,616.0,80.0,0.86,42.0,Normal,P-01908
336,2020-10-28 06:00:00,616.0,80.0,0.86,41.0,Normal,P-01908
337,2020-10-28 20:00:00,612.0,81.0,0.87,40.0,Normal,P-01908
338,2020-12-28 07:00:00,612.0,81.0,0.87,41.0,Normal,P-01908
339,2020-12-28 08:00:00,612.0,81.0,0.87,43.0,Normal,P-01908
340,2020-12-28 21:00:00,616.0,79.0,0.86,40.0,Normal,P-01908
341,2021-01-28 11:00:00,612.0,81.0,0.87,42.0,Normal,P-01908
342,2021-01-28 14:00:00,616.0,80.0,0.87,40.0,Normal,P-01908
343,2020-08-29 00:00:00,616.0,81.0,0.86,41.0,Normal,P-01908
344,2020-08-29 01:00:00,616.0,80.0,0.86,41.0,Normal,P-01908
345,2020-08-29 02:00:00,616.0,80.0,0.86,41.0,Normal,P-01908
346,2020-08-29 03:00:00,616.0,80.0,0.86,41.0,Normal,P-01908
347,2020-08-29 06:04:00,612.0,81.0,0.87,40.0,Normal,P-01908
348,2020-09-29 07:00:00,616.0,81.0,0.87,43.0,Normal,P-01908
349,2020-12-29 06:00:00,616.0,80.0,0.86,40.0,Normal,P-01908
350,2020-12-29 16:00:00,608.0,81.0,0.87,43.0,Normal,P-01908
351,2020-09-30 04:00:00,616.0,80.0,0.86,39.0,Normal,P-01908
352,2020-09-30 19:00:00,612.0,81.0,0.87,41.0,Normal,P-01908
353,2020-09-30 21:00:00,612.0,81.0,0.87,39.0,Normal,P-01908
354,2020-12-30 06:00:00,612.0,80.0,0.87,40.0,Normal,P-01908
355,2020-12-30 08:00:00,612.0,81.0,0.86,43.0,Normal,P-01908
356,2021-01-30 07:00:00,616.0,80.0,0.86,39.0,Normal,P-01908
357,2021-01-30 11:00:00,616.0,80.0,0.86,40.0,Normal,P-01908
358,2021-01-30 12:00:00,616.0,80.0,0.86,40.0,Normal,P-01908
359,2021-01-30 13:00:00,616.0,80.0,0.87,42.0,Normal,P-01908
360,2020-08-31 03:00:00,616.0,81.0,0.87,40.0,Normal,P-01908
361,2020-12-31 07:00:00,616.0,79.0,0.87,41.0,Normal,P-01908
362,2020-12-31 11:40:00,612.0,81.0,0.87,40.0,Normal,P-01908
363,2020-12-31 13:00:00,616.0,80.0,0.86,39.0,Normal,P-01908
364,2021-01-31 10:00:00,612.0,81.0,0.87,39.0,Normal,P-01908
365,2021-01-31 11:00:00,612.0,81.0,0.87,40.0,Normal,P-01908
366,2021-01-31 18:41:00,616.0,80.0,0.86,41.0,Normal,P-01908
367,2020-03-04 01:00:00,612.0,81.0,0.86,43.0,Normal,P-01914
368,2020-03-04 02:00:00,612.0,81.0,0.87,42.0,Normal,P-01914
369,2020-03-04 03:00:00,612.0,81.0,0.86,42.0,Normal,P-01914
370,2020-03-04 04:00:00,612.0,81.0,0.86,42.0,Normal,P-01914
371,2020-03-04 22:00:00,608.0,81.0,0.86,39.0,Normal,P-01914
372,2020-04-04 02:00:00,608.0,81.0,0.87,39.0,Normal,P-01914
373,2020-04-07 15:00:00,608.0,81.0,0.86,43.0,Normal,P-01914
374,2020-04-07 16:00:00,608.0,81.0,0.86,42.0,Normal,P-01914
375,2020-04-07 17:00:00,612.0,81.0,0.86,41.0,Normal,P-01914
376,2020-04-07 18:00:00,612.0,81.0,0.86,40.0,Normal,P-01914
377,2020-04-07 19:00:00,612.0,81.0,0.86,39.0,Normal,P-01914
378,2020-04-07 20:00:00,612.0,81.0,0.87,39.0,Normal,P-01914
379,2020-04-08 05:00:00,608.0,81.0,0.87,40.0,Normal,P-01914
380,2020-05-04 22:00:00,608.0,81.0,0.87,42.0,Normal,P-01914
381,2020-05-07 20:00:00,612.0,81.0,0.87,40.0,Normal,P-01914
382,2020-06-04 00:00:00,608.0,81.0,0.86,42.0,Normal,P-01914
383,2020-06-04 01:00:00,608.0,81.0,0.86,42.0,Normal,P-01914
384,2020-06-04 03:00:00,608.0,81.0,0.87,42.0,Normal,P-01914
385,2020-06-04 04:00:00,608.0,81.0,0.86,41.0,Normal,P-01914
386,2020-06-07 00:00:00,612.0,80.0,0.86,40.0,Normal,P-01914
387,2020-06-07 01:00:00,612.0,81.0,0.86,40.0,Normal,P-01914
388,2020-08-08 03:00:00,608.0,80.0,0.87,42.0,Normal,P-01914
389,2020-10-07 17:00:00,608.0,81.0,0.86,42.0,Normal,P-01914
390,2020-10-07 19:00:00,608.0,81.0,0.87,40.0,Normal,P-01914
391,2020-10-07 21:00:00,608.0,81.0,0.86,39.0,Normal,P-01914
392,2020-11-07 20:00:00,608.0,81.0,0.86,42.0,Normal,P-01914
393,2020-11-08 00:00:00,608.0,80.0,0.86,39.0,Normal,P-01914
394,2020-12-07 17:00:00,608.0,81.0,0.86,43.0,Normal,P-01914
395,2020-12-07 19:00:00,608.0,81.0,0.86,41.0,Normal,P-01914
396,2020-03-15 02:00:00,612.0,81.0,0.86,42.0,Normal,P-01914
397,2020-03-17 03:00:00,608.0,81.0,0.87,41.0,Normal,P-01914
398,2020-07-17 09:00:00,608.0,81.0,0.87,40.0,Normal,P-01914
399,2020-07-17 19:03:00,608.0,81.0,0.86,42.0,Normal,P-01914
400,2020-07-17 20:00:00,608.0,81.0,0.87,41.0,Normal,P-01914
401,2020-07-17 21:00:00,608.0,81.0,0.86,43.0,Normal,P-01914
402,2020-07-17 23:00:00,612.0,81.0,0.86,40.0,Normal,P-01914
403,2020-03-18 02:00:00,612.0,81.0,0.87,40.0,Normal,P-01914
404,2020-07-18 05:00:00,608.0,80.0,0.87,40.0,Normal,P-01914
405,2020-07-18 18:00:00,608.0,81.0,0.87,41.0,Normal,P-01914
406,2020-07-18 19:00:00,608.0,81.0,0.86,41.0,Normal,P-01914
407,2020-07-18 21:00:00,608.0,81.0,0.86,39.0,Normal,P-01914
408,2020-08-19 22:00:00,612.0,81.0,0.86,42.0,Normal,P-01914
409,2020-08-19 23:00:00,612.0,81.0,0.86,41.0,Normal,P-01914
410,2020-03-20 02:00:00,608.0,81.0,0.86,39.0,Normal,P-01914
411,2020-07-20 04:00:00,608.0,80.0,0.86,41.0,Normal,P-01914
412,2020-08-20 03:00:00,612.0,81.0,0.87,41.0,Normal,P-01914
413,2020-08-20 06:00:00,616.0,81.0,0.86,39.0,Normal,P-01914
414,2020-08-20 21:00:00,608.0,80.0,0.87,39.0,Normal,P-01914
415,2020-08-21 07:00:00,608.0,81.0,0.87,42.0,Normal,P-01914
416,2020-08-21 22:00:00,608.0,80.0,0.87,43.0,Normal,P-01914
417,2020-08-21 23:00:00,608.0,81.0,0.86,40.0,Normal,P-01914
418,2020-08-22 00:00:00,608.0,80.0,0.86,40.0,Normal,P-01914
419,2020-08-22 01:00:00,608.0,81.0,0.86,41.0,Normal,P-01914
420,2020-08-22 03:00:00,608.0,81.0,0.86,40.0,Normal,P-01914
421,2020-07-25 19:17:00,608.0,81.0,0.87,40.0,Normal,P-01914
422,2020-07-25 21:00:00,608.0,80.0,0.87,41.0,Normal,P-01914
423,2020-08-25 22:00:00,608.0,80.0,0.87,41.0,Normal,P-01914
424,2020-07-26 04:00:00,608.0,80.0,0.86,39.0,Normal,P-01914
425,2020-08-26 03:00:00,608.0,80.0,0.86,40.0,Normal,P-01914
426,2020-08-28 04:00:00,608.0,79.0,0.87,39.0,Normal,P-01914
427,2020-07-31 21:00:00,608.0,81.0,0.87,39.0,Normal,P-01914
